<?xml version="1.0" encoding="UTF-8"?>
<metadata modelVersion="1.1.0">
  <groupId>ytulabs</groupId>
  <artifactId>webapp</artifactId>
  <version>1.0-SNAPSHOT</version>
  <versioning>
    <snapshot>
      <localCopy>true</localCopy>
    </snapshot>
    <lastUpdated>20150319090346</lastUpdated>
    <snapshotVersions>
      <snapshotVersion>
        <extension>war</extension>
        <value>1.0-SNAPSHOT</value>
        <updated>20150319090346</updated>
      </snapshotVersion>
      <snapshotVersion>
        <extension>pom</extension>
        <value>1.0-SNAPSHOT</value>
        <updated>20150319090346</updated>
      </snapshotVersion>
      <snapshotVersion>
        <extension>jar</extension>
        <value>1.0-SNAPSHOT</value>
        <updated>20150223210409</updated>
      </snapshotVersion>
    </snapshotVersions>
  </versioning>
</metadata>
